
INSERT INTO `manages` (`id`, `dental_name`, `email`, `tel`, `last_name`, `first_name`, `last_name_kana`, `first_name_kana`, `post_number`, `prefecture_number`, `address1`, `address2`, `address3`, `address4`, `email_verified_at`, `password`, `remember_token`, `created_at`, `updated_at`, `deleted_at`) VALUES
('998074bd-7867-44af-b052-51f5ccb4485e', 'EnUAhq+/rAl5ZaYwV8nkPA==', 'TOJM793AoJGZBmuU91hSmVNigodifLQskD/uO1V5MvA=', 'AsFfkNCpa55nfberEKOqqA==', 'yqJWNJoj2UaY1xbtLsaNvA==', 'dDYvUArYZCzMzZUk+liUrA==', 'yqJWNJoj2UaY1xbtLsaNvA==', 'ids5Z4Jb0hOmbsGyXLET0A==', 'ndZsETZEAgB5b3QNGFgarQ==', 14, 'P7QpIvZgUpBwLyY3vlap2A==', 'HmKHaYPhVNWQEFnOfuFR3GCl1CuLAotliYpce9BrciQ=', 'yqJWNJoj2UaY1xbtLsaNvA==', 'xUfn70Ii7/XfzwV1/mvKrQ==', '2023-06-26 17:59:21', '$2y$10$uy.TJIME8pfoRtXMELhFBe.t.H6RZD3vSajFoI.SMzm/uSHlSVqT.', NULL, '2023-06-26 17:58:54', '2023-06-26 17:59:21', NULL),
('9980790c-da89-4191-a5c1-e80b9cc72f1c', 'CGtvdb/Gl2D6at+vwc8tgg==', 'bZ5Hxu0IKx/RzD4s5ZtStFNigodifLQskD/uO1V5MvA=', 'AsFfkNCpa55nfberEKOqqA==', 'CGtvdb/Gl2D6at+vwc8tgg==', 'CGtvdb/Gl2D6at+vwc8tgg==', 'yqJWNJoj2UaY1xbtLsaNvA==', 'yqJWNJoj2UaY1xbtLsaNvA==', 'ndZsETZEAgB5b3QNGFgarQ==', 14, 'P7QpIvZgUpBwLyY3vlap2A==', 'HmKHaYPhVNWQEFnOfuFR3GCl1CuLAotliYpce9BrciQ=', '9hqdbBQRopVYJmhFFw2BtA==', 'xUfn70Ii7/XfzwV1/mvKrQ==', '2023-06-26 18:11:01', '$2y$10$XpwnhX/c4Qza81Ga8z2TQuBiCiysvdwRwqYEYB6se.euRBxzfYlxm', NULL, '2023-06-26 18:10:57', '2023-06-26 18:11:01', NULL);

INSERT INTO `basic_information` (`id`, `manage_id`, `business_start`, `business_end`, `closed`, `created_at`, `updated_at`, `deleted_at`) VALUES
('998074bd-7b56-4d7a-8011-ffefad4ee104', '998074bd-7867-44af-b052-51f5ccb4485e', '09:00:00', '19:00:00', '[{\"friday\": {\"is_closed\": false, \"is_morning\": false, \"morning_end\": null, \"is_afternoon\": false, \"afternoon_end\": null, \"morning_start\": null, \"afternoon_start\": null}, \"monday\": {\"is_closed\": false, \"is_morning\": false, \"morning_end\": null, \"is_afternoon\": false, \"afternoon_end\": null, \"morning_start\": null, \"afternoon_start\": null}, \"sunday\": {\"is_closed\": true, \"is_morning\": false, \"morning_end\": null, \"is_afternoon\": false, \"afternoon_end\": null, \"morning_start\": null, \"afternoon_start\": null}, \"tuesday\": {\"is_closed\": false, \"is_morning\": false, \"morning_end\": null, \"is_afternoon\": false, \"afternoon_end\": null, \"morning_start\": null, \"afternoon_start\": null}, \"saturday\": {\"is_closed\": false, \"is_morning\": false, \"morning_end\": null, \"is_afternoon\": false, \"afternoon_end\": null, \"morning_start\": null, \"afternoon_start\": null}, \"thursday\": {\"is_closed\": false, \"is_morning\": false, \"morning_end\": null, \"is_afternoon\": false, \"afternoon_end\": null, \"morning_start\": null, \"afternoon_start\": null}, \"wednesday\": {\"is_closed\": false, \"is_morning\": false, \"morning_end\": null, \"is_afternoon\": false, \"afternoon_end\": null, \"morning_start\": null, \"afternoon_start\": null}}, {\"friday\": {\"is_closed\": false, \"is_morning\": false, \"morning_end\": null, \"is_afternoon\": false, \"afternoon_end\": null, \"morning_start\": null, \"afternoon_start\": null}, \"monday\": {\"is_closed\": false, \"is_morning\": false, \"morning_end\": null, \"is_afternoon\": false, \"afternoon_end\": null, \"morning_start\": null, \"afternoon_start\": null}, \"sunday\": {\"is_closed\": true, \"is_morning\": false, \"morning_end\": null, \"is_afternoon\": false, \"afternoon_end\": null, \"morning_start\": null, \"afternoon_start\": null}, \"tuesday\": {\"is_closed\": false, \"is_morning\": false, \"morning_end\": null, \"is_afternoon\": false, \"afternoon_end\": null, \"morning_start\": null, \"afternoon_start\": null}, \"saturday\": {\"is_closed\": false, \"is_morning\": false, \"morning_end\": null, \"is_afternoon\": false, \"afternoon_end\": null, \"morning_start\": null, \"afternoon_start\": null}, \"thursday\": {\"is_closed\": false, \"is_morning\": false, \"morning_end\": null, \"is_afternoon\": false, \"afternoon_end\": null, \"morning_start\": null, \"afternoon_start\": null}, \"wednesday\": {\"is_closed\": false, \"is_morning\": false, \"morning_end\": null, \"is_afternoon\": false, \"afternoon_end\": null, \"morning_start\": null, \"afternoon_start\": null}}, {\"friday\": {\"is_closed\": false, \"is_morning\": false, \"morning_end\": null, \"is_afternoon\": false, \"afternoon_end\": null, \"morning_start\": null, \"afternoon_start\": null}, \"monday\": {\"is_closed\": false, \"is_morning\": false, \"morning_end\": null, \"is_afternoon\": false, \"afternoon_end\": null, \"morning_start\": null, \"afternoon_start\": null}, \"sunday\": {\"is_closed\": true, \"is_morning\": false, \"morning_end\": null, \"is_afternoon\": false, \"afternoon_end\": null, \"morning_start\": null, \"afternoon_start\": null}, \"tuesday\": {\"is_closed\": false, \"is_morning\": false, \"morning_end\": null, \"is_afternoon\": false, \"afternoon_end\": null, \"morning_start\": null, \"afternoon_start\": null}, \"saturday\": {\"is_closed\": false, \"is_morning\": false, \"morning_end\": null, \"is_afternoon\": false, \"afternoon_end\": null, \"morning_start\": null, \"afternoon_start\": null}, \"thursday\": {\"is_closed\": false, \"is_morning\": false, \"morning_end\": null, \"is_afternoon\": false, \"afternoon_end\": null, \"morning_start\": null, \"afternoon_start\": null}, \"wednesday\": {\"is_closed\": false, \"is_morning\": false, \"morning_end\": null, \"is_afternoon\": false, \"afternoon_end\": null, \"morning_start\": null, \"afternoon_start\": null}}, {\"friday\": {\"is_closed\": false, \"is_morning\": false, \"morning_end\": null, \"is_afternoon\": false, \"afternoon_end\": null, \"morning_start\": null, \"afternoon_start\": null}, \"monday\": {\"is_closed\": false, \"is_morning\": false, \"morning_end\": null, \"is_afternoon\": false, \"afternoon_end\": null, \"morning_start\": null, \"afternoon_start\": null}, \"sunday\": {\"is_closed\": true, \"is_morning\": false, \"morning_end\": null, \"is_afternoon\": false, \"afternoon_end\": null, \"morning_start\": null, \"afternoon_start\": null}, \"tuesday\": {\"is_closed\": false, \"is_morning\": false, \"morning_end\": null, \"is_afternoon\": false, \"afternoon_end\": null, \"morning_start\": null, \"afternoon_start\": null}, \"saturday\": {\"is_closed\": false, \"is_morning\": false, \"morning_end\": null, \"is_afternoon\": false, \"afternoon_end\": null, \"morning_start\": null, \"afternoon_start\": null}, \"thursday\": {\"is_closed\": false, \"is_morning\": false, \"morning_end\": null, \"is_afternoon\": false, \"afternoon_end\": null, \"morning_start\": null, \"afternoon_start\": null}, \"wednesday\": {\"is_closed\": false, \"is_morning\": false, \"morning_end\": null, \"is_afternoon\": false, \"afternoon_end\": null, \"morning_start\": null, \"afternoon_start\": null}}, {\"friday\": {\"is_closed\": false, \"is_morning\": false, \"morning_end\": null, \"is_afternoon\": false, \"afternoon_end\": null, \"morning_start\": null, \"afternoon_start\": null}, \"monday\": {\"is_closed\": false, \"is_morning\": false, \"morning_end\": null, \"is_afternoon\": false, \"afternoon_end\": null, \"morning_start\": null, \"afternoon_start\": null}, \"sunday\": {\"is_closed\": true, \"is_morning\": false, \"morning_end\": null, \"is_afternoon\": false, \"afternoon_end\": null, \"morning_start\": null, \"afternoon_start\": null}, \"tuesday\": {\"is_closed\": false, \"is_morning\": false, \"morning_end\": null, \"is_afternoon\": false, \"afternoon_end\": null, \"morning_start\": null, \"afternoon_start\": null}, \"saturday\": {\"is_closed\": false, \"is_morning\": false, \"morning_end\": null, \"is_afternoon\": false, \"afternoon_end\": null, \"morning_start\": null, \"afternoon_start\": null}, \"thursday\": {\"is_closed\": false, \"is_morning\": false, \"morning_end\": null, \"is_afternoon\": false, \"afternoon_end\": null, \"morning_start\": null, \"afternoon_start\": null}, \"wednesday\": {\"is_closed\": false, \"is_morning\": false, \"morning_end\": null, \"is_afternoon\": false, \"afternoon_end\": null, \"morning_start\": null, \"afternoon_start\": null}}, {\"friday\": {\"is_closed\": false, \"is_morning\": false, \"morning_end\": null, \"is_afternoon\": false, \"afternoon_end\": null, \"morning_start\": null, \"afternoon_start\": null}, \"monday\": {\"is_closed\": false, \"is_morning\": false, \"morning_end\": null, \"is_afternoon\": false, \"afternoon_end\": null, \"morning_start\": null, \"afternoon_start\": null}, \"sunday\": {\"is_closed\": true, \"is_morning\": false, \"morning_end\": null, \"is_afternoon\": false, \"afternoon_end\": null, \"morning_start\": null, \"afternoon_start\": null}, \"tuesday\": {\"is_closed\": false, \"is_morning\": false, \"morning_end\": null, \"is_afternoon\": false, \"afternoon_end\": null, \"morning_start\": null, \"afternoon_start\": null}, \"saturday\": {\"is_closed\": false, \"is_morning\": false, \"morning_end\": null, \"is_afternoon\": false, \"afternoon_end\": null, \"morning_start\": null, \"afternoon_start\": null}, \"thursday\": {\"is_closed\": false, \"is_morning\": false, \"morning_end\": null, \"is_afternoon\": false, \"afternoon_end\": null, \"morning_start\": null, \"afternoon_start\": null}, \"wednesday\": {\"is_closed\": false, \"is_morning\": false, \"morning_end\": null, \"is_afternoon\": false, \"afternoon_end\": null, \"morning_start\": null, \"afternoon_start\": null}}, {\"holiday\": {\"is_closed\": true, \"is_morning\": false, \"morning_end\": null, \"is_afternoon\": false, \"afternoon_end\": null, \"morning_start\": null, \"afternoon_start\": null}}]', '2023-06-26 17:58:54', '2023-06-26 17:59:45', NULL),
('9980790c-dd39-4153-8b52-1bd7b765a7a1', '9980790c-da89-4191-a5c1-e80b9cc72f1c', '10:00:00', '20:00:00', '[{\"friday\": {\"is_closed\": false, \"is_morning\": false, \"morning_end\": null, \"is_afternoon\": false, \"afternoon_end\": null, \"morning_start\": null, \"afternoon_start\": null}, \"monday\": {\"is_closed\": false, \"is_morning\": false, \"morning_end\": null, \"is_afternoon\": false, \"afternoon_end\": null, \"morning_start\": null, \"afternoon_start\": null}, \"sunday\": {\"is_closed\": false, \"is_morning\": false, \"morning_end\": null, \"is_afternoon\": false, \"afternoon_end\": null, \"morning_start\": null, \"afternoon_start\": null}, \"tuesday\": {\"is_closed\": false, \"is_morning\": false, \"morning_end\": null, \"is_afternoon\": false, \"afternoon_end\": null, \"morning_start\": null, \"afternoon_start\": null}, \"saturday\": {\"is_closed\": true, \"is_morning\": false, \"morning_end\": null, \"is_afternoon\": false, \"afternoon_end\": null, \"morning_start\": null, \"afternoon_start\": null}, \"thursday\": {\"is_closed\": false, \"is_morning\": false, \"morning_end\": null, \"is_afternoon\": false, \"afternoon_end\": null, \"morning_start\": null, \"afternoon_start\": null}, \"wednesday\": {\"is_closed\": false, \"is_morning\": false, \"morning_end\": null, \"is_afternoon\": false, \"afternoon_end\": null, \"morning_start\": null, \"afternoon_start\": null}}, {\"friday\": {\"is_closed\": false, \"is_morning\": false, \"morning_end\": null, \"is_afternoon\": false, \"afternoon_end\": null, \"morning_start\": null, \"afternoon_start\": null}, \"monday\": {\"is_closed\": false, \"is_morning\": false, \"morning_end\": null, \"is_afternoon\": false, \"afternoon_end\": null, \"morning_start\": null, \"afternoon_start\": null}, \"sunday\": {\"is_closed\": false, \"is_morning\": false, \"morning_end\": null, \"is_afternoon\": false, \"afternoon_end\": null, \"morning_start\": null, \"afternoon_start\": null}, \"tuesday\": {\"is_closed\": false, \"is_morning\": false, \"morning_end\": null, \"is_afternoon\": false, \"afternoon_end\": null, \"morning_start\": null, \"afternoon_start\": null}, \"saturday\": {\"is_closed\": true, \"is_morning\": false, \"morning_end\": null, \"is_afternoon\": false, \"afternoon_end\": null, \"morning_start\": null, \"afternoon_start\": null}, \"thursday\": {\"is_closed\": false, \"is_morning\": false, \"morning_end\": null, \"is_afternoon\": false, \"afternoon_end\": null, \"morning_start\": null, \"afternoon_start\": null}, \"wednesday\": {\"is_closed\": false, \"is_morning\": false, \"morning_end\": null, \"is_afternoon\": false, \"afternoon_end\": null, \"morning_start\": null, \"afternoon_start\": null}}, {\"friday\": {\"is_closed\": false, \"is_morning\": false, \"morning_end\": null, \"is_afternoon\": false, \"afternoon_end\": null, \"morning_start\": null, \"afternoon_start\": null}, \"monday\": {\"is_closed\": false, \"is_morning\": false, \"morning_end\": null, \"is_afternoon\": false, \"afternoon_end\": null, \"morning_start\": null, \"afternoon_start\": null}, \"sunday\": {\"is_closed\": false, \"is_morning\": false, \"morning_end\": null, \"is_afternoon\": false, \"afternoon_end\": null, \"morning_start\": null, \"afternoon_start\": null}, \"tuesday\": {\"is_closed\": false, \"is_morning\": false, \"morning_end\": null, \"is_afternoon\": false, \"afternoon_end\": null, \"morning_start\": null, \"afternoon_start\": null}, \"saturday\": {\"is_closed\": true, \"is_morning\": false, \"morning_end\": null, \"is_afternoon\": false, \"afternoon_end\": null, \"morning_start\": null, \"afternoon_start\": null}, \"thursday\": {\"is_closed\": false, \"is_morning\": false, \"morning_end\": null, \"is_afternoon\": false, \"afternoon_end\": null, \"morning_start\": null, \"afternoon_start\": null}, \"wednesday\": {\"is_closed\": false, \"is_morning\": false, \"morning_end\": null, \"is_afternoon\": false, \"afternoon_end\": null, \"morning_start\": null, \"afternoon_start\": null}}, {\"friday\": {\"is_closed\": false, \"is_morning\": false, \"morning_end\": null, \"is_afternoon\": false, \"afternoon_end\": null, \"morning_start\": null, \"afternoon_start\": null}, \"monday\": {\"is_closed\": false, \"is_morning\": false, \"morning_end\": null, \"is_afternoon\": false, \"afternoon_end\": null, \"morning_start\": null, \"afternoon_start\": null}, \"sunday\": {\"is_closed\": false, \"is_morning\": false, \"morning_end\": null, \"is_afternoon\": false, \"afternoon_end\": null, \"morning_start\": null, \"afternoon_start\": null}, \"tuesday\": {\"is_closed\": false, \"is_morning\": false, \"morning_end\": null, \"is_afternoon\": false, \"afternoon_end\": null, \"morning_start\": null, \"afternoon_start\": null}, \"saturday\": {\"is_closed\": true, \"is_morning\": false, \"morning_end\": null, \"is_afternoon\": false, \"afternoon_end\": null, \"morning_start\": null, \"afternoon_start\": null}, \"thursday\": {\"is_closed\": false, \"is_morning\": false, \"morning_end\": null, \"is_afternoon\": false, \"afternoon_end\": null, \"morning_start\": null, \"afternoon_start\": null}, \"wednesday\": {\"is_closed\": false, \"is_morning\": false, \"morning_end\": null, \"is_afternoon\": false, \"afternoon_end\": null, \"morning_start\": null, \"afternoon_start\": null}}, {\"friday\": {\"is_closed\": false, \"is_morning\": false, \"morning_end\": null, \"is_afternoon\": false, \"afternoon_end\": null, \"morning_start\": null, \"afternoon_start\": null}, \"monday\": {\"is_closed\": false, \"is_morning\": false, \"morning_end\": null, \"is_afternoon\": false, \"afternoon_end\": null, \"morning_start\": null, \"afternoon_start\": null}, \"sunday\": {\"is_closed\": false, \"is_morning\": false, \"morning_end\": null, \"is_afternoon\": false, \"afternoon_end\": null, \"morning_start\": null, \"afternoon_start\": null}, \"tuesday\": {\"is_closed\": false, \"is_morning\": false, \"morning_end\": null, \"is_afternoon\": false, \"afternoon_end\": null, \"morning_start\": null, \"afternoon_start\": null}, \"saturday\": {\"is_closed\": true, \"is_morning\": false, \"morning_end\": null, \"is_afternoon\": false, \"afternoon_end\": null, \"morning_start\": null, \"afternoon_start\": null}, \"thursday\": {\"is_closed\": false, \"is_morning\": false, \"morning_end\": null, \"is_afternoon\": false, \"afternoon_end\": null, \"morning_start\": null, \"afternoon_start\": null}, \"wednesday\": {\"is_closed\": false, \"is_morning\": false, \"morning_end\": null, \"is_afternoon\": false, \"afternoon_end\": null, \"morning_start\": null, \"afternoon_start\": null}}, {\"friday\": {\"is_closed\": false, \"is_morning\": false, \"morning_end\": null, \"is_afternoon\": false, \"afternoon_end\": null, \"morning_start\": null, \"afternoon_start\": null}, \"monday\": {\"is_closed\": false, \"is_morning\": false, \"morning_end\": null, \"is_afternoon\": false, \"afternoon_end\": null, \"morning_start\": null, \"afternoon_start\": null}, \"sunday\": {\"is_closed\": false, \"is_morning\": false, \"morning_end\": null, \"is_afternoon\": false, \"afternoon_end\": null, \"morning_start\": null, \"afternoon_start\": null}, \"tuesday\": {\"is_closed\": false, \"is_morning\": false, \"morning_end\": null, \"is_afternoon\": false, \"afternoon_end\": null, \"morning_start\": null, \"afternoon_start\": null}, \"saturday\": {\"is_closed\": true, \"is_morning\": false, \"morning_end\": null, \"is_afternoon\": false, \"afternoon_end\": null, \"morning_start\": null, \"afternoon_start\": null}, \"thursday\": {\"is_closed\": false, \"is_morning\": false, \"morning_end\": null, \"is_afternoon\": false, \"afternoon_end\": null, \"morning_start\": null, \"afternoon_start\": null}, \"wednesday\": {\"is_closed\": false, \"is_morning\": false, \"morning_end\": null, \"is_afternoon\": false, \"afternoon_end\": null, \"morning_start\": null, \"afternoon_start\": null}}, {\"holiday\": {\"is_closed\": true, \"is_morning\": false, \"morning_end\": null, \"is_afternoon\": false, \"afternoon_end\": null, \"morning_start\": null, \"afternoon_start\": null}}]', '2023-06-26 18:10:57', '2023-06-26 18:11:22', NULL);

INSERT INTO `day_of_week_manage` (`id`, `manage_id`, `day_of_week_id`, `created_at`, `updated_at`) VALUES
(1, '9980790c-da89-4191-a5c1-e80b9cc72f1c', 1, '2023-06-26 18:12:05', '2023-06-26 18:12:05'),
(2, '9980790c-da89-4191-a5c1-e80b9cc72f1c', 6, '2023-06-26 18:12:05', '2023-06-26 18:12:05'),
(3, '9980790c-da89-4191-a5c1-e80b9cc72f1c', 7, '2023-06-26 18:12:05', '2023-06-26 18:12:05'),
(4, '9980790c-da89-4191-a5c1-e80b9cc72f1c', 2, '2023-06-26 18:12:05', '2023-06-26 18:12:05'),
(5, '9980790c-da89-4191-a5c1-e80b9cc72f1c', 3, '2023-06-26 18:12:05', '2023-06-26 18:12:05'),
(6, '9980790c-da89-4191-a5c1-e80b9cc72f1c', 5, '2023-06-26 18:12:05', '2023-06-26 18:12:05'),
(7, '9980790c-da89-4191-a5c1-e80b9cc72f1c', 4, '2023-06-26 18:12:05', '2023-06-26 18:12:05'),
(8, '998074bd-7867-44af-b052-51f5ccb4485e', 1, '2023-06-26 18:15:27', '2023-06-26 18:15:27'),
(9, '998074bd-7867-44af-b052-51f5ccb4485e', 2, '2023-06-26 18:15:27', '2023-06-26 18:15:27'),
(10, '998074bd-7867-44af-b052-51f5ccb4485e', 3, '2023-06-26 18:15:27', '2023-06-26 18:15:27'),
(11, '998074bd-7867-44af-b052-51f5ccb4485e', 4, '2023-06-26 18:15:27', '2023-06-26 18:15:27'),
(12, '998074bd-7867-44af-b052-51f5ccb4485e', 6, '2023-06-26 18:15:27', '2023-06-26 18:15:27');

INSERT INTO `manage_medical_children_category` (`id`, `manage_id`, `medical_children_category_id`, `created_at`, `updated_at`, `deleted_at`) VALUES
(1, '9980790c-da89-4191-a5c1-e80b9cc72f1c', 1, '2023-06-26 18:11:56', '2023-06-26 18:11:56', NULL),
(2, '9980790c-da89-4191-a5c1-e80b9cc72f1c', 8, '2023-06-26 18:11:56', '2023-06-26 18:11:56', NULL),
(3, '9980790c-da89-4191-a5c1-e80b9cc72f1c', 13, '2023-06-26 18:11:56', '2023-06-26 18:11:56', NULL),
(4, '9980790c-da89-4191-a5c1-e80b9cc72f1c', 3, '2023-06-26 18:11:56', '2023-06-26 18:11:56', NULL),
(5, '9980790c-da89-4191-a5c1-e80b9cc72f1c', 9, '2023-06-26 18:11:56', '2023-06-26 18:11:56', NULL),
(6, '9980790c-da89-4191-a5c1-e80b9cc72f1c', 10, '2023-06-26 18:11:56', '2023-06-26 18:11:56', NULL),
(7, '9980790c-da89-4191-a5c1-e80b9cc72f1c', 4, '2023-06-26 18:11:56', '2023-06-26 18:11:56', NULL),
(8, '9980790c-da89-4191-a5c1-e80b9cc72f1c', 14, '2023-06-26 18:11:56', '2023-06-26 18:11:56', NULL),
(9, '9980790c-da89-4191-a5c1-e80b9cc72f1c', 11, '2023-06-26 18:11:56', '2023-06-26 18:11:56', NULL),
(10, '9980790c-da89-4191-a5c1-e80b9cc72f1c', 5, '2023-06-26 18:11:56', '2023-06-26 18:11:56', NULL),
(11, '9980790c-da89-4191-a5c1-e80b9cc72f1c', 6, '2023-06-26 18:11:56', '2023-06-26 18:11:56', NULL),
(12, '9980790c-da89-4191-a5c1-e80b9cc72f1c', 12, '2023-06-26 18:11:56', '2023-06-26 18:11:56', NULL),
(13, '9980790c-da89-4191-a5c1-e80b9cc72f1c', 15, '2023-06-26 18:11:56', '2023-06-26 18:11:56', NULL),
(14, '9980790c-da89-4191-a5c1-e80b9cc72f1c', 16, '2023-06-26 18:11:56', '2023-06-26 18:11:56', NULL),
(15, '9980790c-da89-4191-a5c1-e80b9cc72f1c', 7, '2023-06-26 18:11:56', '2023-06-26 18:11:56', NULL),
(16, '9980790c-da89-4191-a5c1-e80b9cc72f1c', 19, '2023-06-26 18:11:56', '2023-06-26 18:11:56', NULL),
(17, '9980790c-da89-4191-a5c1-e80b9cc72f1c', 20, '2023-06-26 18:11:56', '2023-06-26 18:11:56', NULL),
(18, '998074bd-7867-44af-b052-51f5ccb4485e', 1, '2023-06-26 18:14:51', '2023-06-26 18:14:51', NULL),
(19, '998074bd-7867-44af-b052-51f5ccb4485e', 8, '2023-06-26 18:14:51', '2023-06-26 18:14:51', NULL),
(20, '998074bd-7867-44af-b052-51f5ccb4485e', 13, '2023-06-26 18:14:51', '2023-06-26 18:14:51', NULL),
(21, '998074bd-7867-44af-b052-51f5ccb4485e', 17, '2023-06-26 18:14:51', '2023-06-26 18:14:51', NULL),
(22, '998074bd-7867-44af-b052-51f5ccb4485e', 14, '2023-06-26 18:14:51', '2023-06-26 18:14:51', NULL),
(23, '998074bd-7867-44af-b052-51f5ccb4485e', 10, '2023-06-26 18:14:51', '2023-06-26 18:14:51', NULL),
(24, '998074bd-7867-44af-b052-51f5ccb4485e', 4, '2023-06-26 18:14:51', '2023-06-26 18:14:51', NULL),
(25, '998074bd-7867-44af-b052-51f5ccb4485e', 3, '2023-06-26 18:14:51', '2023-06-26 18:14:51', NULL),
(26, '998074bd-7867-44af-b052-51f5ccb4485e', 9, '2023-06-26 18:14:51', '2023-06-26 18:14:51', NULL),
(27, '998074bd-7867-44af-b052-51f5ccb4485e', 5, '2023-06-26 18:14:51', '2023-06-26 18:14:51', NULL),
(28, '998074bd-7867-44af-b052-51f5ccb4485e', 11, '2023-06-26 18:14:51', '2023-06-26 18:14:51', NULL),
(29, '998074bd-7867-44af-b052-51f5ccb4485e', 15, '2023-06-26 18:14:51', '2023-06-26 18:14:51', NULL),
(30, '998074bd-7867-44af-b052-51f5ccb4485e', 12, '2023-06-26 18:14:51', '2023-06-26 18:14:51', NULL),
(31, '998074bd-7867-44af-b052-51f5ccb4485e', 6, '2023-06-26 18:14:51', '2023-06-26 18:14:51', NULL),
(32, '998074bd-7867-44af-b052-51f5ccb4485e', 7, '2023-06-26 18:14:51', '2023-06-26 18:14:51', NULL),
(33, '998074bd-7867-44af-b052-51f5ccb4485e', 16, '2023-06-26 18:14:51', '2023-06-26 18:14:51', NULL),
(34, '998074bd-7867-44af-b052-51f5ccb4485e', 19, '2023-06-26 18:14:51', '2023-06-26 18:14:51', NULL),
(35, '998074bd-7867-44af-b052-51f5ccb4485e', 18, '2023-06-26 18:14:51', '2023-06-26 18:14:51', NULL),
(36, '998074bd-7867-44af-b052-51f5ccb4485e', 20, '2023-06-26 18:14:51', '2023-06-26 18:14:51', NULL),
(37, '998074bd-7867-44af-b052-51f5ccb4485e', 22, '2023-06-26 18:14:51', '2023-06-26 18:14:51', NULL),
(38, '998074bd-7867-44af-b052-51f5ccb4485e', 21, '2023-06-26 18:14:51', '2023-06-26 18:14:51', NULL),
(39, '998074bd-7867-44af-b052-51f5ccb4485e', 2, '2023-06-26 18:14:51', '2023-06-26 18:14:51', NULL),
(40, '998074bd-7867-44af-b052-51f5ccb4485e', 26, '2023-06-26 18:14:51', '2023-06-26 18:14:51', NULL),
(41, '998074bd-7867-44af-b052-51f5ccb4485e', 27, '2023-06-26 18:14:51', '2023-06-26 18:14:51', NULL),
(42, '998074bd-7867-44af-b052-51f5ccb4485e', 23, '2023-06-26 18:14:51', '2023-06-26 18:14:51', NULL),
(43, '998074bd-7867-44af-b052-51f5ccb4485e', 24, '2023-06-26 18:14:51', '2023-06-26 18:14:51', NULL),
(44, '998074bd-7867-44af-b052-51f5ccb4485e', 28, '2023-06-26 18:14:51', '2023-06-26 18:14:51', NULL),
(45, '998074bd-7867-44af-b052-51f5ccb4485e', 25, '2023-06-26 18:14:51', '2023-06-26 18:14:51', NULL);

INSERT INTO `staff` (`id`, `manage_id`, `staff_number`, `last_name`, `first_name`, `last_name_kana`, `first_name_kana`, `nick_name`, `gender`, `color_id`, `display_order`, `priority`, `created_at`, `updated_at`, `deleted_at`) VALUES
('9980798f-1486-46a5-ac31-8c23165790b3', '9980790c-da89-4191-a5c1-e80b9cc72f1c', 1, 'h72QOIWUO+SKTmirY7Dsag==', 'yqJWNJoj2UaY1xbtLsaNvA==', 'yqJWNJoj2UaY1xbtLsaNvA==', 'y1fGLjiQLvBP22sF1KLd0g==', 'D0jZZgDlwBugWSfkAdiBNQ==', 2, 1, 1, 1, '2023-06-26 18:12:22', '2023-06-26 18:12:22', NULL),
('998079bf-0cb1-46b6-bf06-bf5646c25922', '9980790c-da89-4191-a5c1-e80b9cc72f1c', 2, '7mPutmq82jyZokVI9L7kdg==', '7mPutmq82jyZokVI9L7kdg==', 'TmYE+Eq0NJP2MIELg+jRsA==', 'TmYE+Eq0NJP2MIELg+jRsA==', 'TmYE+Eq0NJP2MIELg+jRsA==', 2, 1, 2, 2, '2023-06-26 18:12:54', '2023-06-26 18:12:54', NULL),
('99807a58-4c87-4766-8c51-6366ffb925d2', '998074bd-7867-44af-b052-51f5ccb4485e', 1, 'h72QOIWUO+SKTmirY7Dsag==', 'yqJWNJoj2UaY1xbtLsaNvA==', 'yqJWNJoj2UaY1xbtLsaNvA==', 'y1fGLjiQLvBP22sF1KLd0g==', 'zIyo5FWm3km/NS6gAtmCgA==', 2, 1, 1, 1, '2023-06-26 18:14:34', '2023-06-26 18:14:34', NULL),
('99807ad2-bab5-4b6e-915a-2ffb04cd9fe6', '998074bd-7867-44af-b052-51f5ccb4485e', 2, 'h72QOIWUO+SKTmirY7Dsag==', 'yqJWNJoj2UaY1xbtLsaNvA==', 'yqJWNJoj2UaY1xbtLsaNvA==', 'yqJWNJoj2UaY1xbtLsaNvA==', 'yqJWNJoj2UaY1xbtLsaNvA==', 2, 2, 2, 2, '2023-06-26 18:15:54', '2023-06-26 18:15:54', NULL);

INSERT INTO `units` (`id`, `manage_id`, `name`, `display_name`, `display_order`, `priority`, `status`, `created_at`, `updated_at`, `deleted_at`) VALUES
('99807a06-7d53-4ebe-a16e-decb8fad2b1b', '9980790c-da89-4191-a5c1-e80b9cc72f1c', 'テスト', 'テスト', 1, 1, 'S', '2023-06-26 18:13:41', '2023-06-26 18:13:41', NULL),
('99807a19-f5de-48f5-9df6-f4bd20e7b771', '9980790c-da89-4191-a5c1-e80b9cc72f1c', 'テスト2', 'テスト2', 2, 2, 'S', '2023-06-26 18:13:53', '2023-06-26 18:13:53', NULL),
('99807ae7-805f-4f08-b219-8b0807af77cc', '998074bd-7867-44af-b052-51f5ccb4485e', 'unit1', 'unit1', 1, 1, 'S', '2023-06-26 18:16:08', '2023-06-26 18:16:08', NULL),
('99807af3-ca7d-4df9-ae9c-011a5ca09868', '998074bd-7867-44af-b052-51f5ccb4485e', 'unit2', 'unit2', 2, 2, 'S', '2023-06-26 18:16:16', '2023-06-26 18:16:16', NULL);

INSERT INTO `medical_children_category_staff` (`id`, `staff_id`, `medical_children_category_id`, `created_at`, `updated_at`, `deleted_at`) VALUES
(1, '9980798f-1486-46a5-ac31-8c23165790b3', 1, '2023-06-26 18:12:22', '2023-06-26 18:12:22', NULL),
(2, '9980798f-1486-46a5-ac31-8c23165790b3', 8, '2023-06-26 18:12:22', '2023-06-26 18:12:22', NULL),
(3, '9980798f-1486-46a5-ac31-8c23165790b3', 13, '2023-06-26 18:12:22', '2023-06-26 18:12:22', NULL),
(4, '9980798f-1486-46a5-ac31-8c23165790b3', 3, '2023-06-26 18:12:22', '2023-06-26 18:12:22', NULL),
(5, '9980798f-1486-46a5-ac31-8c23165790b3', 9, '2023-06-26 18:12:22', '2023-06-26 18:12:22', NULL),
(6, '9980798f-1486-46a5-ac31-8c23165790b3', 10, '2023-06-26 18:12:22', '2023-06-26 18:12:22', NULL),
(7, '9980798f-1486-46a5-ac31-8c23165790b3', 4, '2023-06-26 18:12:22', '2023-06-26 18:12:22', NULL),
(8, '9980798f-1486-46a5-ac31-8c23165790b3', 14, '2023-06-26 18:12:22', '2023-06-26 18:12:22', NULL),
(9, '9980798f-1486-46a5-ac31-8c23165790b3', 11, '2023-06-26 18:12:22', '2023-06-26 18:12:22', NULL),
(10, '9980798f-1486-46a5-ac31-8c23165790b3', 5, '2023-06-26 18:12:22', '2023-06-26 18:12:22', NULL),
(11, '9980798f-1486-46a5-ac31-8c23165790b3', 6, '2023-06-26 18:12:22', '2023-06-26 18:12:22', NULL),
(12, '9980798f-1486-46a5-ac31-8c23165790b3', 12, '2023-06-26 18:12:22', '2023-06-26 18:12:22', NULL),
(13, '9980798f-1486-46a5-ac31-8c23165790b3', 15, '2023-06-26 18:12:22', '2023-06-26 18:12:22', NULL),
(14, '9980798f-1486-46a5-ac31-8c23165790b3', 16, '2023-06-26 18:12:22', '2023-06-26 18:12:22', NULL),
(15, '9980798f-1486-46a5-ac31-8c23165790b3', 7, '2023-06-26 18:12:22', '2023-06-26 18:12:22', NULL),
(16, '9980798f-1486-46a5-ac31-8c23165790b3', 19, '2023-06-26 18:12:22', '2023-06-26 18:12:22', NULL),
(17, '9980798f-1486-46a5-ac31-8c23165790b3', 20, '2023-06-26 18:12:22', '2023-06-26 18:12:22', NULL),
(18, '998079bf-0cb1-46b6-bf06-bf5646c25922', 1, '2023-06-26 18:12:54', '2023-06-26 18:12:54', NULL),
(19, '998079bf-0cb1-46b6-bf06-bf5646c25922', 8, '2023-06-26 18:12:54', '2023-06-26 18:12:54', NULL),
(20, '998079bf-0cb1-46b6-bf06-bf5646c25922', 13, '2023-06-26 18:12:54', '2023-06-26 18:12:54', NULL),
(21, '998079bf-0cb1-46b6-bf06-bf5646c25922', 3, '2023-06-26 18:12:54', '2023-06-26 18:12:54', NULL),
(22, '998079bf-0cb1-46b6-bf06-bf5646c25922', 9, '2023-06-26 18:12:54', '2023-06-26 18:12:54', NULL),
(23, '998079bf-0cb1-46b6-bf06-bf5646c25922', 10, '2023-06-26 18:12:54', '2023-06-26 18:12:54', NULL),
(24, '998079bf-0cb1-46b6-bf06-bf5646c25922', 4, '2023-06-26 18:12:54', '2023-06-26 18:12:54', NULL),
(25, '998079bf-0cb1-46b6-bf06-bf5646c25922', 14, '2023-06-26 18:12:54', '2023-06-26 18:12:54', NULL),
(26, '998079bf-0cb1-46b6-bf06-bf5646c25922', 11, '2023-06-26 18:12:54', '2023-06-26 18:12:54', NULL),
(27, '998079bf-0cb1-46b6-bf06-bf5646c25922', 5, '2023-06-26 18:12:54', '2023-06-26 18:12:54', NULL),
(28, '998079bf-0cb1-46b6-bf06-bf5646c25922', 6, '2023-06-26 18:12:54', '2023-06-26 18:12:54', NULL),
(29, '998079bf-0cb1-46b6-bf06-bf5646c25922', 12, '2023-06-26 18:12:54', '2023-06-26 18:12:54', NULL),
(30, '998079bf-0cb1-46b6-bf06-bf5646c25922', 15, '2023-06-26 18:12:54', '2023-06-26 18:12:54', NULL),
(31, '998079bf-0cb1-46b6-bf06-bf5646c25922', 16, '2023-06-26 18:12:54', '2023-06-26 18:12:54', NULL),
(32, '998079bf-0cb1-46b6-bf06-bf5646c25922', 7, '2023-06-26 18:12:54', '2023-06-26 18:12:54', NULL),
(33, '998079bf-0cb1-46b6-bf06-bf5646c25922', 19, '2023-06-26 18:12:54', '2023-06-26 18:12:54', NULL),
(34, '998079bf-0cb1-46b6-bf06-bf5646c25922', 20, '2023-06-26 18:12:54', '2023-06-26 18:12:54', NULL),
(35, '99807ad2-bab5-4b6e-915a-2ffb04cd9fe6', 1, '2023-06-26 18:15:54', '2023-06-26 18:15:54', NULL),
(36, '99807ad2-bab5-4b6e-915a-2ffb04cd9fe6', 8, '2023-06-26 18:15:54', '2023-06-26 18:15:54', NULL),
(37, '99807ad2-bab5-4b6e-915a-2ffb04cd9fe6', 13, '2023-06-26 18:15:54', '2023-06-26 18:15:54', NULL),
(38, '99807ad2-bab5-4b6e-915a-2ffb04cd9fe6', 17, '2023-06-26 18:15:54', '2023-06-26 18:15:54', NULL),
(39, '99807ad2-bab5-4b6e-915a-2ffb04cd9fe6', 14, '2023-06-26 18:15:54', '2023-06-26 18:15:54', NULL),
(40, '99807ad2-bab5-4b6e-915a-2ffb04cd9fe6', 10, '2023-06-26 18:15:54', '2023-06-26 18:15:54', NULL),
(41, '99807ad2-bab5-4b6e-915a-2ffb04cd9fe6', 4, '2023-06-26 18:15:54', '2023-06-26 18:15:54', NULL),
(42, '99807ad2-bab5-4b6e-915a-2ffb04cd9fe6', 3, '2023-06-26 18:15:54', '2023-06-26 18:15:54', NULL),
(43, '99807ad2-bab5-4b6e-915a-2ffb04cd9fe6', 9, '2023-06-26 18:15:54', '2023-06-26 18:15:54', NULL),
(44, '99807ad2-bab5-4b6e-915a-2ffb04cd9fe6', 5, '2023-06-26 18:15:54', '2023-06-26 18:15:54', NULL),
(45, '99807ad2-bab5-4b6e-915a-2ffb04cd9fe6', 11, '2023-06-26 18:15:54', '2023-06-26 18:15:54', NULL),
(46, '99807ad2-bab5-4b6e-915a-2ffb04cd9fe6', 15, '2023-06-26 18:15:54', '2023-06-26 18:15:54', NULL),
(47, '99807ad2-bab5-4b6e-915a-2ffb04cd9fe6', 12, '2023-06-26 18:15:54', '2023-06-26 18:15:54', NULL),
(48, '99807ad2-bab5-4b6e-915a-2ffb04cd9fe6', 6, '2023-06-26 18:15:54', '2023-06-26 18:15:54', NULL),
(49, '99807ad2-bab5-4b6e-915a-2ffb04cd9fe6', 7, '2023-06-26 18:15:54', '2023-06-26 18:15:54', NULL),
(50, '99807ad2-bab5-4b6e-915a-2ffb04cd9fe6', 16, '2023-06-26 18:15:54', '2023-06-26 18:15:54', NULL),
(51, '99807ad2-bab5-4b6e-915a-2ffb04cd9fe6', 19, '2023-06-26 18:15:54', '2023-06-26 18:15:54', NULL),
(52, '99807ad2-bab5-4b6e-915a-2ffb04cd9fe6', 18, '2023-06-26 18:15:55', '2023-06-26 18:15:55', NULL),
(53, '99807ad2-bab5-4b6e-915a-2ffb04cd9fe6', 20, '2023-06-26 18:15:55', '2023-06-26 18:15:55', NULL),
(54, '99807ad2-bab5-4b6e-915a-2ffb04cd9fe6', 22, '2023-06-26 18:15:55', '2023-06-26 18:15:55', NULL),
(55, '99807ad2-bab5-4b6e-915a-2ffb04cd9fe6', 21, '2023-06-26 18:15:55', '2023-06-26 18:15:55', NULL),
(56, '99807ad2-bab5-4b6e-915a-2ffb04cd9fe6', 2, '2023-06-26 18:15:55', '2023-06-26 18:15:55', NULL),
(57, '99807ad2-bab5-4b6e-915a-2ffb04cd9fe6', 26, '2023-06-26 18:15:55', '2023-06-26 18:15:55', NULL),
(58, '99807ad2-bab5-4b6e-915a-2ffb04cd9fe6', 27, '2023-06-26 18:15:55', '2023-06-26 18:15:55', NULL),
(59, '99807ad2-bab5-4b6e-915a-2ffb04cd9fe6', 23, '2023-06-26 18:15:55', '2023-06-26 18:15:55', NULL),
(60, '99807ad2-bab5-4b6e-915a-2ffb04cd9fe6', 24, '2023-06-26 18:15:55', '2023-06-26 18:15:55', NULL),
(61, '99807ad2-bab5-4b6e-915a-2ffb04cd9fe6', 28, '2023-06-26 18:15:55', '2023-06-26 18:15:55', NULL),
(62, '99807ad2-bab5-4b6e-915a-2ffb04cd9fe6', 25, '2023-06-26 18:15:55', '2023-06-26 18:15:55', NULL);

INSERT INTO `medical_children_category_unit` (`id`, `unit_id`, `medical_children_category_id`, `created_at`, `updated_at`, `deleted_at`) VALUES
(1, '99807a06-7d53-4ebe-a16e-decb8fad2b1b', 1, '2023-06-26 18:13:41', '2023-06-26 18:13:41', NULL),
(2, '99807a06-7d53-4ebe-a16e-decb8fad2b1b', 8, '2023-06-26 18:13:41', '2023-06-26 18:13:41', NULL),
(3, '99807a06-7d53-4ebe-a16e-decb8fad2b1b', 13, '2023-06-26 18:13:41', '2023-06-26 18:13:41', NULL),
(4, '99807a06-7d53-4ebe-a16e-decb8fad2b1b', 3, '2023-06-26 18:13:41', '2023-06-26 18:13:41', NULL),
(5, '99807a06-7d53-4ebe-a16e-decb8fad2b1b', 9, '2023-06-26 18:13:41', '2023-06-26 18:13:41', NULL),
(6, '99807a06-7d53-4ebe-a16e-decb8fad2b1b', 10, '2023-06-26 18:13:41', '2023-06-26 18:13:41', NULL),
(7, '99807a06-7d53-4ebe-a16e-decb8fad2b1b', 4, '2023-06-26 18:13:41', '2023-06-26 18:13:41', NULL),
(8, '99807a06-7d53-4ebe-a16e-decb8fad2b1b', 14, '2023-06-26 18:13:41', '2023-06-26 18:13:41', NULL),
(9, '99807a06-7d53-4ebe-a16e-decb8fad2b1b', 11, '2023-06-26 18:13:41', '2023-06-26 18:13:41', NULL),
(10, '99807a06-7d53-4ebe-a16e-decb8fad2b1b', 5, '2023-06-26 18:13:41', '2023-06-26 18:13:41', NULL),
(11, '99807a06-7d53-4ebe-a16e-decb8fad2b1b', 6, '2023-06-26 18:13:41', '2023-06-26 18:13:41', NULL),
(12, '99807a06-7d53-4ebe-a16e-decb8fad2b1b', 12, '2023-06-26 18:13:41', '2023-06-26 18:13:41', NULL),
(13, '99807a06-7d53-4ebe-a16e-decb8fad2b1b', 15, '2023-06-26 18:13:41', '2023-06-26 18:13:41', NULL),
(14, '99807a06-7d53-4ebe-a16e-decb8fad2b1b', 16, '2023-06-26 18:13:41', '2023-06-26 18:13:41', NULL),
(15, '99807a06-7d53-4ebe-a16e-decb8fad2b1b', 7, '2023-06-26 18:13:41', '2023-06-26 18:13:41', NULL),
(16, '99807a06-7d53-4ebe-a16e-decb8fad2b1b', 19, '2023-06-26 18:13:41', '2023-06-26 18:13:41', NULL),
(17, '99807a06-7d53-4ebe-a16e-decb8fad2b1b', 20, '2023-06-26 18:13:41', '2023-06-26 18:13:41', NULL),
(18, '99807a19-f5de-48f5-9df6-f4bd20e7b771', 1, '2023-06-26 18:13:53', '2023-06-26 18:13:53', NULL),
(19, '99807a19-f5de-48f5-9df6-f4bd20e7b771', 8, '2023-06-26 18:13:53', '2023-06-26 18:13:53', NULL),
(20, '99807a19-f5de-48f5-9df6-f4bd20e7b771', 13, '2023-06-26 18:13:53', '2023-06-26 18:13:53', NULL),
(21, '99807a19-f5de-48f5-9df6-f4bd20e7b771', 3, '2023-06-26 18:13:53', '2023-06-26 18:13:53', NULL),
(22, '99807a19-f5de-48f5-9df6-f4bd20e7b771', 9, '2023-06-26 18:13:53', '2023-06-26 18:13:53', NULL),
(23, '99807a19-f5de-48f5-9df6-f4bd20e7b771', 10, '2023-06-26 18:13:53', '2023-06-26 18:13:53', NULL),
(24, '99807a19-f5de-48f5-9df6-f4bd20e7b771', 4, '2023-06-26 18:13:53', '2023-06-26 18:13:53', NULL),
(25, '99807a19-f5de-48f5-9df6-f4bd20e7b771', 14, '2023-06-26 18:13:53', '2023-06-26 18:13:53', NULL),
(26, '99807a19-f5de-48f5-9df6-f4bd20e7b771', 11, '2023-06-26 18:13:53', '2023-06-26 18:13:53', NULL),
(27, '99807a19-f5de-48f5-9df6-f4bd20e7b771', 5, '2023-06-26 18:13:53', '2023-06-26 18:13:53', NULL),
(28, '99807a19-f5de-48f5-9df6-f4bd20e7b771', 6, '2023-06-26 18:13:53', '2023-06-26 18:13:53', NULL),
(29, '99807a19-f5de-48f5-9df6-f4bd20e7b771', 12, '2023-06-26 18:13:53', '2023-06-26 18:13:53', NULL),
(30, '99807a19-f5de-48f5-9df6-f4bd20e7b771', 15, '2023-06-26 18:13:53', '2023-06-26 18:13:53', NULL),
(31, '99807a19-f5de-48f5-9df6-f4bd20e7b771', 16, '2023-06-26 18:13:53', '2023-06-26 18:13:53', NULL),
(32, '99807a19-f5de-48f5-9df6-f4bd20e7b771', 7, '2023-06-26 18:13:53', '2023-06-26 18:13:53', NULL),
(33, '99807a19-f5de-48f5-9df6-f4bd20e7b771', 19, '2023-06-26 18:13:53', '2023-06-26 18:13:53', NULL),
(34, '99807a19-f5de-48f5-9df6-f4bd20e7b771', 20, '2023-06-26 18:13:53', '2023-06-26 18:13:53', NULL),
(35, '99807ae7-805f-4f08-b219-8b0807af77cc', 1, '2023-06-26 18:16:08', '2023-06-26 18:16:08', NULL),
(36, '99807ae7-805f-4f08-b219-8b0807af77cc', 8, '2023-06-26 18:16:08', '2023-06-26 18:16:08', NULL),
(37, '99807ae7-805f-4f08-b219-8b0807af77cc', 13, '2023-06-26 18:16:08', '2023-06-26 18:16:08', NULL),
(38, '99807ae7-805f-4f08-b219-8b0807af77cc', 17, '2023-06-26 18:16:08', '2023-06-26 18:16:08', NULL),
(39, '99807ae7-805f-4f08-b219-8b0807af77cc', 14, '2023-06-26 18:16:08', '2023-06-26 18:16:08', NULL),
(40, '99807ae7-805f-4f08-b219-8b0807af77cc', 10, '2023-06-26 18:16:08', '2023-06-26 18:16:08', NULL),
(41, '99807ae7-805f-4f08-b219-8b0807af77cc', 4, '2023-06-26 18:16:08', '2023-06-26 18:16:08', NULL),
(42, '99807ae7-805f-4f08-b219-8b0807af77cc', 3, '2023-06-26 18:16:08', '2023-06-26 18:16:08', NULL),
(43, '99807ae7-805f-4f08-b219-8b0807af77cc', 9, '2023-06-26 18:16:08', '2023-06-26 18:16:08', NULL),
(44, '99807ae7-805f-4f08-b219-8b0807af77cc', 5, '2023-06-26 18:16:08', '2023-06-26 18:16:08', NULL),
(45, '99807ae7-805f-4f08-b219-8b0807af77cc', 11, '2023-06-26 18:16:08', '2023-06-26 18:16:08', NULL),
(46, '99807ae7-805f-4f08-b219-8b0807af77cc', 15, '2023-06-26 18:16:08', '2023-06-26 18:16:08', NULL),
(47, '99807ae7-805f-4f08-b219-8b0807af77cc', 12, '2023-06-26 18:16:08', '2023-06-26 18:16:08', NULL),
(48, '99807ae7-805f-4f08-b219-8b0807af77cc', 6, '2023-06-26 18:16:08', '2023-06-26 18:16:08', NULL),
(49, '99807ae7-805f-4f08-b219-8b0807af77cc', 7, '2023-06-26 18:16:08', '2023-06-26 18:16:08', NULL),
(50, '99807ae7-805f-4f08-b219-8b0807af77cc', 16, '2023-06-26 18:16:08', '2023-06-26 18:16:08', NULL),
(51, '99807ae7-805f-4f08-b219-8b0807af77cc', 19, '2023-06-26 18:16:08', '2023-06-26 18:16:08', NULL),
(52, '99807ae7-805f-4f08-b219-8b0807af77cc', 18, '2023-06-26 18:16:08', '2023-06-26 18:16:08', NULL),
(53, '99807ae7-805f-4f08-b219-8b0807af77cc', 20, '2023-06-26 18:16:08', '2023-06-26 18:16:08', NULL),
(54, '99807ae7-805f-4f08-b219-8b0807af77cc', 22, '2023-06-26 18:16:08', '2023-06-26 18:16:08', NULL),
(55, '99807ae7-805f-4f08-b219-8b0807af77cc', 21, '2023-06-26 18:16:08', '2023-06-26 18:16:08', NULL),
(56, '99807ae7-805f-4f08-b219-8b0807af77cc', 2, '2023-06-26 18:16:08', '2023-06-26 18:16:08', NULL),
(57, '99807ae7-805f-4f08-b219-8b0807af77cc', 26, '2023-06-26 18:16:08', '2023-06-26 18:16:08', NULL),
(58, '99807ae7-805f-4f08-b219-8b0807af77cc', 27, '2023-06-26 18:16:08', '2023-06-26 18:16:08', NULL),
(59, '99807ae7-805f-4f08-b219-8b0807af77cc', 23, '2023-06-26 18:16:08', '2023-06-26 18:16:08', NULL),
(60, '99807ae7-805f-4f08-b219-8b0807af77cc', 24, '2023-06-26 18:16:08', '2023-06-26 18:16:08', NULL),
(61, '99807ae7-805f-4f08-b219-8b0807af77cc', 28, '2023-06-26 18:16:08', '2023-06-26 18:16:08', NULL),
(62, '99807ae7-805f-4f08-b219-8b0807af77cc', 25, '2023-06-26 18:16:08', '2023-06-26 18:16:08', NULL),
(63, '99807af3-ca7d-4df9-ae9c-011a5ca09868', 1, '2023-06-26 18:16:16', '2023-06-26 18:16:16', NULL),
(64, '99807af3-ca7d-4df9-ae9c-011a5ca09868', 8, '2023-06-26 18:16:16', '2023-06-26 18:16:16', NULL),
(65, '99807af3-ca7d-4df9-ae9c-011a5ca09868', 13, '2023-06-26 18:16:16', '2023-06-26 18:16:16', NULL),
(66, '99807af3-ca7d-4df9-ae9c-011a5ca09868', 17, '2023-06-26 18:16:16', '2023-06-26 18:16:16', NULL),
(67, '99807af3-ca7d-4df9-ae9c-011a5ca09868', 14, '2023-06-26 18:16:16', '2023-06-26 18:16:16', NULL),
(68, '99807af3-ca7d-4df9-ae9c-011a5ca09868', 10, '2023-06-26 18:16:16', '2023-06-26 18:16:16', NULL),
(69, '99807af3-ca7d-4df9-ae9c-011a5ca09868', 4, '2023-06-26 18:16:16', '2023-06-26 18:16:16', NULL),
(70, '99807af3-ca7d-4df9-ae9c-011a5ca09868', 3, '2023-06-26 18:16:16', '2023-06-26 18:16:16', NULL),
(71, '99807af3-ca7d-4df9-ae9c-011a5ca09868', 9, '2023-06-26 18:16:16', '2023-06-26 18:16:16', NULL),
(72, '99807af3-ca7d-4df9-ae9c-011a5ca09868', 5, '2023-06-26 18:16:16', '2023-06-26 18:16:16', NULL),
(73, '99807af3-ca7d-4df9-ae9c-011a5ca09868', 11, '2023-06-26 18:16:16', '2023-06-26 18:16:16', NULL),
(74, '99807af3-ca7d-4df9-ae9c-011a5ca09868', 15, '2023-06-26 18:16:16', '2023-06-26 18:16:16', NULL),
(75, '99807af3-ca7d-4df9-ae9c-011a5ca09868', 12, '2023-06-26 18:16:16', '2023-06-26 18:16:16', NULL),
(76, '99807af3-ca7d-4df9-ae9c-011a5ca09868', 6, '2023-06-26 18:16:16', '2023-06-26 18:16:16', NULL),
(77, '99807af3-ca7d-4df9-ae9c-011a5ca09868', 7, '2023-06-26 18:16:16', '2023-06-26 18:16:16', NULL),
(78, '99807af3-ca7d-4df9-ae9c-011a5ca09868', 16, '2023-06-26 18:16:16', '2023-06-26 18:16:16', NULL),
(79, '99807af3-ca7d-4df9-ae9c-011a5ca09868', 19, '2023-06-26 18:16:16', '2023-06-26 18:16:16', NULL),
(80, '99807af3-ca7d-4df9-ae9c-011a5ca09868', 18, '2023-06-26 18:16:16', '2023-06-26 18:16:16', NULL),
(81, '99807af3-ca7d-4df9-ae9c-011a5ca09868', 20, '2023-06-26 18:16:16', '2023-06-26 18:16:16', NULL),
(82, '99807af3-ca7d-4df9-ae9c-011a5ca09868', 22, '2023-06-26 18:16:16', '2023-06-26 18:16:16', NULL),
(83, '99807af3-ca7d-4df9-ae9c-011a5ca09868', 21, '2023-06-26 18:16:16', '2023-06-26 18:16:16', NULL),
(84, '99807af3-ca7d-4df9-ae9c-011a5ca09868', 2, '2023-06-26 18:16:16', '2023-06-26 18:16:16', NULL),
(85, '99807af3-ca7d-4df9-ae9c-011a5ca09868', 26, '2023-06-26 18:16:16', '2023-06-26 18:16:16', NULL),
(86, '99807af3-ca7d-4df9-ae9c-011a5ca09868', 27, '2023-06-26 18:16:16', '2023-06-26 18:16:16', NULL),
(87, '99807af3-ca7d-4df9-ae9c-011a5ca09868', 23, '2023-06-26 18:16:16', '2023-06-26 18:16:16', NULL),
(88, '99807af3-ca7d-4df9-ae9c-011a5ca09868', 24, '2023-06-26 18:16:16', '2023-06-26 18:16:16', NULL),
(89, '99807af3-ca7d-4df9-ae9c-011a5ca09868', 28, '2023-06-26 18:16:16', '2023-06-26 18:16:16', NULL),
(90, '99807af3-ca7d-4df9-ae9c-011a5ca09868', 25, '2023-06-26 18:16:16', '2023-06-26 18:16:16', NULL);

INSERT INTO `selected_stations` (`id`, `manage_id`, `company_code`, `line_code`, `station_code`, `station_group_code`, `remark`, `created_at`, `updated_at`, `deleted_at`) VALUES
(1, '9980790c-da89-4191-a5c1-e80b9cc72f1c', 17, 27001, 2700131, NULL, '井土ヶ谷5分', '2023-06-26 18:11:41', '2023-06-26 18:11:41', NULL),
(2, '998074bd-7867-44af-b052-51f5ccb4485e', 17, 27001, 2700129, NULL, '徒歩10分', '2023-06-26 18:15:10', '2023-06-26 18:15:10', NULL);

INSERT INTO `shifts` (`id`, `staff_id`, `date`, `start_time`, `end_time`, `created_at`, `updated_at`, `deleted_at`) VALUES
(1, '9980798f-1486-46a5-ac31-8c23165790b3', '2023-06-01', '08:30:00', '21:00:00', '2023-06-26 18:13:10', '2023-06-26 18:13:10', NULL),
(2, '998079bf-0cb1-46b6-bf06-bf5646c25922', '2023-06-01', '08:30:00', '21:00:00', '2023-06-26 18:13:10', '2023-06-26 18:13:10', NULL),
(3, '9980798f-1486-46a5-ac31-8c23165790b3', '2023-06-02', '08:30:00', '21:00:00', '2023-06-26 18:13:10', '2023-06-26 18:13:10', NULL),
(4, '998079bf-0cb1-46b6-bf06-bf5646c25922', '2023-06-02', '08:30:00', '21:00:00', '2023-06-26 18:13:10', '2023-06-26 18:13:10', NULL),
(5, '9980798f-1486-46a5-ac31-8c23165790b3', '2023-06-04', '08:30:00', '21:00:00', '2023-06-26 18:13:10', '2023-06-26 18:13:10', NULL),
(6, '998079bf-0cb1-46b6-bf06-bf5646c25922', '2023-06-04', '08:30:00', '21:00:00', '2023-06-26 18:13:10', '2023-06-26 18:13:10', NULL),
(7, '9980798f-1486-46a5-ac31-8c23165790b3', '2023-06-05', '08:30:00', '21:00:00', '2023-06-26 18:13:10', '2023-06-26 18:13:10', NULL),
(8, '998079bf-0cb1-46b6-bf06-bf5646c25922', '2023-06-05', '08:30:00', '21:00:00', '2023-06-26 18:13:10', '2023-06-26 18:13:10', NULL),
(9, '9980798f-1486-46a5-ac31-8c23165790b3', '2023-06-06', '08:30:00', '21:00:00', '2023-06-26 18:13:10', '2023-06-26 18:13:10', NULL),
(10, '998079bf-0cb1-46b6-bf06-bf5646c25922', '2023-06-06', '08:30:00', '21:00:00', '2023-06-26 18:13:10', '2023-06-26 18:13:10', NULL),
(11, '9980798f-1486-46a5-ac31-8c23165790b3', '2023-06-07', '08:30:00', '21:00:00', '2023-06-26 18:13:10', '2023-06-26 18:13:10', NULL),
(12, '998079bf-0cb1-46b6-bf06-bf5646c25922', '2023-06-07', '08:30:00', '21:00:00', '2023-06-26 18:13:10', '2023-06-26 18:13:10', NULL),
(13, '9980798f-1486-46a5-ac31-8c23165790b3', '2023-06-08', '08:30:00', '21:00:00', '2023-06-26 18:13:10', '2023-06-26 18:13:10', NULL),
(14, '998079bf-0cb1-46b6-bf06-bf5646c25922', '2023-06-08', '08:30:00', '21:00:00', '2023-06-26 18:13:10', '2023-06-26 18:13:10', NULL),
(15, '9980798f-1486-46a5-ac31-8c23165790b3', '2023-06-09', '08:30:00', '21:00:00', '2023-06-26 18:13:10', '2023-06-26 18:13:10', NULL),
(16, '998079bf-0cb1-46b6-bf06-bf5646c25922', '2023-06-09', '08:30:00', '21:00:00', '2023-06-26 18:13:10', '2023-06-26 18:13:10', NULL),
(17, '9980798f-1486-46a5-ac31-8c23165790b3', '2023-06-11', '08:30:00', '21:00:00', '2023-06-26 18:13:10', '2023-06-26 18:13:10', NULL),
(18, '998079bf-0cb1-46b6-bf06-bf5646c25922', '2023-06-11', '08:30:00', '21:00:00', '2023-06-26 18:13:10', '2023-06-26 18:13:10', NULL),
(19, '9980798f-1486-46a5-ac31-8c23165790b3', '2023-06-12', '08:30:00', '21:00:00', '2023-06-26 18:13:10', '2023-06-26 18:13:10', NULL),
(20, '998079bf-0cb1-46b6-bf06-bf5646c25922', '2023-06-12', '08:30:00', '21:00:00', '2023-06-26 18:13:10', '2023-06-26 18:13:10', NULL),
(21, '9980798f-1486-46a5-ac31-8c23165790b3', '2023-06-13', '08:30:00', '21:00:00', '2023-06-26 18:13:10', '2023-06-26 18:13:10', NULL),
(22, '998079bf-0cb1-46b6-bf06-bf5646c25922', '2023-06-13', '08:30:00', '21:00:00', '2023-06-26 18:13:10', '2023-06-26 18:13:10', NULL),
(23, '9980798f-1486-46a5-ac31-8c23165790b3', '2023-06-14', '08:30:00', '21:00:00', '2023-06-26 18:13:10', '2023-06-26 18:13:10', NULL),
(24, '998079bf-0cb1-46b6-bf06-bf5646c25922', '2023-06-14', '08:30:00', '21:00:00', '2023-06-26 18:13:10', '2023-06-26 18:13:10', NULL),
(25, '9980798f-1486-46a5-ac31-8c23165790b3', '2023-06-15', '08:30:00', '21:00:00', '2023-06-26 18:13:10', '2023-06-26 18:13:10', NULL),
(26, '998079bf-0cb1-46b6-bf06-bf5646c25922', '2023-06-15', '08:30:00', '21:00:00', '2023-06-26 18:13:10', '2023-06-26 18:13:10', NULL),
(27, '9980798f-1486-46a5-ac31-8c23165790b3', '2023-06-16', '08:30:00', '21:00:00', '2023-06-26 18:13:10', '2023-06-26 18:13:10', NULL),
(28, '998079bf-0cb1-46b6-bf06-bf5646c25922', '2023-06-16', '08:30:00', '21:00:00', '2023-06-26 18:13:10', '2023-06-26 18:13:10', NULL),
(29, '9980798f-1486-46a5-ac31-8c23165790b3', '2023-06-18', '08:30:00', '21:00:00', '2023-06-26 18:13:10', '2023-06-26 18:13:10', NULL),
(30, '998079bf-0cb1-46b6-bf06-bf5646c25922', '2023-06-18', '08:30:00', '21:00:00', '2023-06-26 18:13:10', '2023-06-26 18:13:10', NULL),
(31, '9980798f-1486-46a5-ac31-8c23165790b3', '2023-06-19', '08:30:00', '21:00:00', '2023-06-26 18:13:10', '2023-06-26 18:13:10', NULL),
(32, '998079bf-0cb1-46b6-bf06-bf5646c25922', '2023-06-19', '08:30:00', '21:00:00', '2023-06-26 18:13:10', '2023-06-26 18:13:10', NULL),
(33, '9980798f-1486-46a5-ac31-8c23165790b3', '2023-06-20', '08:30:00', '21:00:00', '2023-06-26 18:13:10', '2023-06-26 18:13:10', NULL),
(34, '998079bf-0cb1-46b6-bf06-bf5646c25922', '2023-06-20', '08:30:00', '21:00:00', '2023-06-26 18:13:10', '2023-06-26 18:13:10', NULL),
(35, '9980798f-1486-46a5-ac31-8c23165790b3', '2023-06-21', '08:30:00', '21:00:00', '2023-06-26 18:13:10', '2023-06-26 18:13:10', NULL),
(36, '998079bf-0cb1-46b6-bf06-bf5646c25922', '2023-06-21', '08:30:00', '21:00:00', '2023-06-26 18:13:10', '2023-06-26 18:13:10', NULL),
(37, '9980798f-1486-46a5-ac31-8c23165790b3', '2023-06-22', '08:30:00', '21:00:00', '2023-06-26 18:13:10', '2023-06-26 18:13:10', NULL),
(38, '998079bf-0cb1-46b6-bf06-bf5646c25922', '2023-06-22', '08:30:00', '21:00:00', '2023-06-26 18:13:10', '2023-06-26 18:13:10', NULL),
(39, '9980798f-1486-46a5-ac31-8c23165790b3', '2023-06-23', '08:30:00', '21:00:00', '2023-06-26 18:13:10', '2023-06-26 18:13:10', NULL),
(40, '998079bf-0cb1-46b6-bf06-bf5646c25922', '2023-06-23', '08:30:00', '21:00:00', '2023-06-26 18:13:10', '2023-06-26 18:13:10', NULL),
(41, '9980798f-1486-46a5-ac31-8c23165790b3', '2023-06-25', '08:30:00', '21:00:00', '2023-06-26 18:13:10', '2023-06-26 18:13:10', NULL),
(42, '998079bf-0cb1-46b6-bf06-bf5646c25922', '2023-06-25', '08:30:00', '21:00:00', '2023-06-26 18:13:10', '2023-06-26 18:13:10', NULL),
(43, '9980798f-1486-46a5-ac31-8c23165790b3', '2023-06-26', '08:30:00', '21:00:00', '2023-06-26 18:13:10', '2023-06-26 18:13:10', NULL),
(44, '998079bf-0cb1-46b6-bf06-bf5646c25922', '2023-06-26', '08:30:00', '21:00:00', '2023-06-26 18:13:10', '2023-06-26 18:13:10', NULL),
(45, '9980798f-1486-46a5-ac31-8c23165790b3', '2023-06-27', '08:30:00', '21:00:00', '2023-06-26 18:13:10', '2023-06-26 18:13:10', NULL),
(46, '998079bf-0cb1-46b6-bf06-bf5646c25922', '2023-06-27', '08:30:00', '21:00:00', '2023-06-26 18:13:10', '2023-06-26 18:13:10', NULL),
(47, '9980798f-1486-46a5-ac31-8c23165790b3', '2023-06-28', '08:30:00', '21:00:00', '2023-06-26 18:13:10', '2023-06-26 18:13:10', NULL),
(48, '998079bf-0cb1-46b6-bf06-bf5646c25922', '2023-06-28', '08:30:00', '21:00:00', '2023-06-26 18:13:10', '2023-06-26 18:13:10', NULL),
(49, '9980798f-1486-46a5-ac31-8c23165790b3', '2023-06-29', '08:30:00', '21:00:00', '2023-06-26 18:13:10', '2023-06-26 18:13:10', NULL),
(50, '998079bf-0cb1-46b6-bf06-bf5646c25922', '2023-06-29', '08:30:00', '21:00:00', '2023-06-26 18:13:10', '2023-06-26 18:13:10', NULL),
(51, '9980798f-1486-46a5-ac31-8c23165790b3', '2023-06-30', '08:30:00', '21:00:00', '2023-06-26 18:13:10', '2023-06-26 18:13:10', NULL),
(52, '998079bf-0cb1-46b6-bf06-bf5646c25922', '2023-06-30', '08:30:00', '21:00:00', '2023-06-26 18:13:10', '2023-06-26 18:13:10', NULL),
(53, '9980798f-1486-46a5-ac31-8c23165790b3', '2023-07-02', '08:30:00', '20:30:00', '2023-06-26 18:13:26', '2023-06-26 18:13:26', NULL),
(54, '998079bf-0cb1-46b6-bf06-bf5646c25922', '2023-07-02', '08:30:00', '20:30:00', '2023-06-26 18:13:26', '2023-06-26 18:13:26', NULL),
(55, '9980798f-1486-46a5-ac31-8c23165790b3', '2023-07-03', '08:30:00', '20:30:00', '2023-06-26 18:13:26', '2023-06-26 18:13:26', NULL),
(56, '998079bf-0cb1-46b6-bf06-bf5646c25922', '2023-07-03', '08:30:00', '20:30:00', '2023-06-26 18:13:26', '2023-06-26 18:13:26', NULL),
(57, '9980798f-1486-46a5-ac31-8c23165790b3', '2023-07-04', '08:30:00', '20:30:00', '2023-06-26 18:13:26', '2023-06-26 18:13:26', NULL),
(58, '998079bf-0cb1-46b6-bf06-bf5646c25922', '2023-07-04', '08:30:00', '20:30:00', '2023-06-26 18:13:26', '2023-06-26 18:13:26', NULL),
(59, '9980798f-1486-46a5-ac31-8c23165790b3', '2023-07-05', '08:30:00', '20:30:00', '2023-06-26 18:13:26', '2023-06-26 18:13:26', NULL),
(60, '998079bf-0cb1-46b6-bf06-bf5646c25922', '2023-07-05', '08:30:00', '20:30:00', '2023-06-26 18:13:26', '2023-06-26 18:13:26', NULL),
(61, '9980798f-1486-46a5-ac31-8c23165790b3', '2023-07-06', '08:30:00', '20:30:00', '2023-06-26 18:13:26', '2023-06-26 18:13:26', NULL),
(62, '998079bf-0cb1-46b6-bf06-bf5646c25922', '2023-07-06', '08:30:00', '20:30:00', '2023-06-26 18:13:26', '2023-06-26 18:13:26', NULL),
(63, '9980798f-1486-46a5-ac31-8c23165790b3', '2023-07-07', '08:30:00', '20:30:00', '2023-06-26 18:13:26', '2023-06-26 18:13:26', NULL),
(64, '998079bf-0cb1-46b6-bf06-bf5646c25922', '2023-07-07', '08:30:00', '20:30:00', '2023-06-26 18:13:26', '2023-06-26 18:13:26', NULL),
(65, '9980798f-1486-46a5-ac31-8c23165790b3', '2023-07-09', '08:30:00', '20:30:00', '2023-06-26 18:13:26', '2023-06-26 18:13:26', NULL),
(66, '998079bf-0cb1-46b6-bf06-bf5646c25922', '2023-07-09', '08:30:00', '20:30:00', '2023-06-26 18:13:26', '2023-06-26 18:13:26', NULL),
(67, '9980798f-1486-46a5-ac31-8c23165790b3', '2023-07-10', '08:30:00', '20:30:00', '2023-06-26 18:13:26', '2023-06-26 18:13:26', NULL),
(68, '998079bf-0cb1-46b6-bf06-bf5646c25922', '2023-07-10', '08:30:00', '20:30:00', '2023-06-26 18:13:26', '2023-06-26 18:13:26', NULL),
(69, '9980798f-1486-46a5-ac31-8c23165790b3', '2023-07-11', '08:30:00', '20:30:00', '2023-06-26 18:13:26', '2023-06-26 18:13:26', NULL),
(70, '998079bf-0cb1-46b6-bf06-bf5646c25922', '2023-07-11', '08:30:00', '20:30:00', '2023-06-26 18:13:26', '2023-06-26 18:13:26', NULL),
(71, '9980798f-1486-46a5-ac31-8c23165790b3', '2023-07-12', '08:30:00', '20:30:00', '2023-06-26 18:13:26', '2023-06-26 18:13:26', NULL),
(72, '998079bf-0cb1-46b6-bf06-bf5646c25922', '2023-07-12', '08:30:00', '20:30:00', '2023-06-26 18:13:26', '2023-06-26 18:13:26', NULL),
(73, '9980798f-1486-46a5-ac31-8c23165790b3', '2023-07-13', '08:30:00', '20:30:00', '2023-06-26 18:13:26', '2023-06-26 18:13:26', NULL),
(74, '998079bf-0cb1-46b6-bf06-bf5646c25922', '2023-07-13', '08:30:00', '20:30:00', '2023-06-26 18:13:26', '2023-06-26 18:13:26', NULL),
(75, '9980798f-1486-46a5-ac31-8c23165790b3', '2023-07-14', '08:30:00', '20:30:00', '2023-06-26 18:13:26', '2023-06-26 18:13:26', NULL),
(76, '998079bf-0cb1-46b6-bf06-bf5646c25922', '2023-07-14', '08:30:00', '20:30:00', '2023-06-26 18:13:26', '2023-06-26 18:13:26', NULL),
(77, '9980798f-1486-46a5-ac31-8c23165790b3', '2023-07-16', '08:30:00', '20:30:00', '2023-06-26 18:13:26', '2023-06-26 18:13:26', NULL),
(78, '998079bf-0cb1-46b6-bf06-bf5646c25922', '2023-07-16', '08:30:00', '20:30:00', '2023-06-26 18:13:26', '2023-06-26 18:13:26', NULL),
(79, '9980798f-1486-46a5-ac31-8c23165790b3', '2023-07-18', '08:30:00', '20:30:00', '2023-06-26 18:13:26', '2023-06-26 18:13:26', NULL),
(80, '998079bf-0cb1-46b6-bf06-bf5646c25922', '2023-07-18', '08:30:00', '20:30:00', '2023-06-26 18:13:26', '2023-06-26 18:13:26', NULL),
(81, '9980798f-1486-46a5-ac31-8c23165790b3', '2023-07-19', '08:30:00', '20:30:00', '2023-06-26 18:13:26', '2023-06-26 18:13:26', NULL),
(82, '998079bf-0cb1-46b6-bf06-bf5646c25922', '2023-07-19', '08:30:00', '20:30:00', '2023-06-26 18:13:26', '2023-06-26 18:13:26', NULL),
(83, '9980798f-1486-46a5-ac31-8c23165790b3', '2023-07-20', '08:30:00', '20:30:00', '2023-06-26 18:13:26', '2023-06-26 18:13:26', NULL),
(84, '998079bf-0cb1-46b6-bf06-bf5646c25922', '2023-07-20', '08:30:00', '20:30:00', '2023-06-26 18:13:26', '2023-06-26 18:13:26', NULL),
(85, '9980798f-1486-46a5-ac31-8c23165790b3', '2023-07-21', '08:30:00', '20:30:00', '2023-06-26 18:13:26', '2023-06-26 18:13:26', NULL),
(86, '998079bf-0cb1-46b6-bf06-bf5646c25922', '2023-07-21', '08:30:00', '20:30:00', '2023-06-26 18:13:26', '2023-06-26 18:13:26', NULL),
(87, '9980798f-1486-46a5-ac31-8c23165790b3', '2023-07-23', '08:30:00', '20:30:00', '2023-06-26 18:13:26', '2023-06-26 18:13:26', NULL),
(88, '998079bf-0cb1-46b6-bf06-bf5646c25922', '2023-07-23', '08:30:00', '20:30:00', '2023-06-26 18:13:26', '2023-06-26 18:13:26', NULL),
(89, '9980798f-1486-46a5-ac31-8c23165790b3', '2023-07-24', '08:30:00', '20:30:00', '2023-06-26 18:13:26', '2023-06-26 18:13:26', NULL),
(90, '998079bf-0cb1-46b6-bf06-bf5646c25922', '2023-07-24', '08:30:00', '20:30:00', '2023-06-26 18:13:26', '2023-06-26 18:13:26', NULL),
(91, '9980798f-1486-46a5-ac31-8c23165790b3', '2023-07-25', '08:30:00', '20:30:00', '2023-06-26 18:13:26', '2023-06-26 18:13:26', NULL),
(92, '998079bf-0cb1-46b6-bf06-bf5646c25922', '2023-07-25', '08:30:00', '20:30:00', '2023-06-26 18:13:26', '2023-06-26 18:13:26', NULL),
(93, '9980798f-1486-46a5-ac31-8c23165790b3', '2023-07-26', '08:30:00', '20:30:00', '2023-06-26 18:13:26', '2023-06-26 18:13:26', NULL),
(94, '998079bf-0cb1-46b6-bf06-bf5646c25922', '2023-07-26', '08:30:00', '20:30:00', '2023-06-26 18:13:26', '2023-06-26 18:13:26', NULL),
(95, '9980798f-1486-46a5-ac31-8c23165790b3', '2023-07-27', '08:30:00', '20:30:00', '2023-06-26 18:13:26', '2023-06-26 18:13:26', NULL),
(96, '998079bf-0cb1-46b6-bf06-bf5646c25922', '2023-07-27', '08:30:00', '20:30:00', '2023-06-26 18:13:26', '2023-06-26 18:13:26', NULL),
(97, '9980798f-1486-46a5-ac31-8c23165790b3', '2023-07-28', '08:30:00', '20:30:00', '2023-06-26 18:13:26', '2023-06-26 18:13:26', NULL),
(98, '998079bf-0cb1-46b6-bf06-bf5646c25922', '2023-07-28', '08:30:00', '20:30:00', '2023-06-26 18:13:26', '2023-06-26 18:13:26', NULL),
(99, '9980798f-1486-46a5-ac31-8c23165790b3', '2023-07-30', '08:30:00', '20:30:00', '2023-06-26 18:13:26', '2023-06-26 18:13:26', NULL),
(100, '998079bf-0cb1-46b6-bf06-bf5646c25922', '2023-07-30', '08:30:00', '20:30:00', '2023-06-26 18:13:26', '2023-06-26 18:13:26', NULL),
(101, '9980798f-1486-46a5-ac31-8c23165790b3', '2023-07-31', '08:30:00', '20:30:00', '2023-06-26 18:13:26', '2023-06-26 18:13:26', NULL),
(102, '998079bf-0cb1-46b6-bf06-bf5646c25922', '2023-07-31', '08:30:00', '20:30:00', '2023-06-26 18:13:26', '2023-06-26 18:13:26', NULL);